fish_name,sex.x,detour_trial_1_prop_time_in_social_reward_following_solution,detour_trial_1_date_of_trial,detour_trial_1_time_of_trial,detour_trial_1_did_fish_solve_barrier_problem,detour_trial_1_did_fish_solve_full_social_problem,detour_trial_1_full_problem_time_to_social_reward_minus_time_to_contact_barrier,detour_trial_1_barrier_problem_time_around_barrier_minus_time_to_contact_barrier,detour_trial_1_time_from_barrier_contact_minus_time_to_end_of_alley,time_to_barrier_contact_minus_start_time,scorer,resolution,shuttlebox_start_side,presentation_when_fish_gave_up_3_ITI,last10secdata_shuttlebox_average_distance_from_correct_stimulus_during_gaps,last10secdata_difference_avg_dist_from_correct_first_5_gaps_minus_last_5_gaps,last10secdata_difference_avg_prop_correct_first_5_gaps_minus_last_5_gaps,last10secdata_shuttlebox_slope_using_avg_dist_from_correct,last10secdata_shuttlebox_wilcox_test_using_avg_dist_from_correct,last10secdata_shuttlebox_average_proportion_of_time_on_correct_side_during_gaps,last10secdata_shuttlebox_proportion_of_time_on_correct_side_during_gaps_slope_across_presentations,last10secdata_shuttlebox_slope_using_proportion_time_correct_during_gap,last10secdata_shuttlebox_wilcox_test_using_proportion_time_correct_during_gap,last10secdata_did_fish_solve_shuttlebox_using_avg_dist_from_correct,last10secdata_did_fish_solve_shuttlebox_using_proportion_time_correct_during_gap,last10secdata_was_difference_avg_prop_correct_first_5_gaps_minus_last_5_gaps_at_least_20_percent,last10secdata_was_difference_avg_dist_from_correct_first_5_gaps_minus_last_5_gaps_at_least_20_percent,sex.y,standard_length,order,average_prop_time_thigmo_T0_to_T29,average_prop_time_mirror_T0_to_T29,average_number_of_entries_T0_to_T29,average_number_of_entries_T30_to_T50,average_number_of_entries_full_4_minutes,average_reaction_time,totalthigmo_full_4_minutes,totalmirror_full_4_minutes,unique_zones_entered_full_4_minutes,entries_into_center_full_4_minutes,average_latency_enter_either_screen,average_prop_time_center_full_4_minutes,average_performance_across_all_9_testing_trials_using_full_4_minutes_data,average_performance_across_all_9_testing_trials_using_T30_to_T50_data,total_number_of_testing_trials_using_full_4_minutes_data,total_number_of_testing_trials_using_T30_to_T50_data,number_of_trials_on_0.50_ratio_using_full_4_minutes_data,number_of_trials_on_0.67_ratio_using_full_4_minutes_data,number_of_trials_on_0.75_ratio_using_full_4_minutes_data,number_of_trials_on_0.50_ratio_using_T30_to_T50_data,number_of_trials_on_0.67_ratio_using_T30_to_T50_data,number_of_trials_on_0.75_ratio_using_T30_to_T50_data,median_performance_on_0.50_ratio_using_full_4_minutes_data,median_performance_on_0.67_ratio_using_full_4_minutes_data,median_performance_on_0.75_ratio_using_full_4_minutes_data,median_performance_on_0.50_ratio_using_T30_to_T50_data,median_performance_on_0.67_ratio_using_T30_to_T50_data,median_performance_on_0.75_ratio_using_T30_to_T50_data,number_of_medians_above_60_using_full_4_minutes_data,number_of_medians_above_60_using_T30_to_T50_data,number_of_medians_above_60_using_T30_to_T50_data_two_and_three_combined,shapiro_wilk_test_p_value_using_full_4_minutes_data,was_average_performance_significantly_different_from_0.5_full_4_minutes_p_value_of_either_t_test_or_wilcox,shapiro_wilk_test_p_value_using_T30_to_T50_data,was_average_performance_significantly_different_from_0.5_T30_to_T50_p_value_of_either_t_test_or_wilcox,learning_category_according_to_etheredge_T30_to_T50,learning_category_according_to_etheredge_full_4_minutes,did_fish_have_a_median_above_60,did_fish_have_at_least_two_medians_above_60,average_latency_to_enter_correct_side,average_latency_to_enter_incorrect_side,average_latency_to_enter_correct_side_filtered_just_correct_choice,proportion_of_correct_first_choices,number_of_trials_in_a_row_greater_than_60_percent_full_4_minutes,number_of_trials_in_a_row_greater_than_60_percent_T30_to_T50,number_of_trials_in_a_row_correct_choice_first,mean_of_median_performance_on_each_ratio_full_four_minutes_data,mean_of_median_performance_on_each_ratio_T30_to_T50_data
wade,M,0.394736842,10_17_2017,2:36,1,1,3,1,4,445,DH,640,L,0,680.1666666666666,NA,NA,-2.7463848720800876,0.514520239194296,0.4666666666666667,0.0013348164627363668,0.0013348164627363668,0.04168747031892767,0,1,NA,NA,M,1997,NDS,0.6532183908045978,0.3157854406130268,1.7777777777777777,2.4444444444444446,13.11111111111111,27.106555555555556,0.2846500116388319,0.19049226196204883,0.5555555555555556,2.2222222222222223,11.908499999999998,0.04741459882548009,0.5796417833208214,0.6,8,5,2,3,3,2,2,1,0.9620778349780348,0.1374078890333768,0.5755707075771249,1,0,1,1,2,2,0.01823776718023484,0.7230087105700103,0.006470000751665464,0.765594483995764,low,low,1,1,65.97083333333333,102.62650000000001,65.97083333333333,0.5,2,2,1,0.5583521438628455,0.6666666666666666
wilma,F,0.012237762,9_6_2017,3:48,1,1,6,3,2,22,DH,800,R,0,655.7333333333333,NA,NA,-0.13988876529476685,0.42439606457748447,0.5,0.0011123470522803047,0.0011123470522803047,0.017545979051391658,0,1,NA,NA,NA,NA,NA,NA,NA,NA,NA,NA,NA,NA,NA,NA,NA,NA,NA,NA,NA,NA,NA,NA,NA,NA,NA,NA,NA,NA,NA,NA,NA,NA,NA,NA,NA,NA,NA,NA,NA,NA,NA,NA,NA,NA,NA,NA,NA,NA,NA,NA,NA,NA,NA
wyatt,M,0.092982456,08_24_2017,2:13,1,1,7,1,4,23,DH,1280,L,11,630.9166666666666,201.10000000000002,-0.19999999999999996,-2.1418242491657353,0.6640241337262307,0.5166666666666667,3.3370411568409283e-4,3.3370411568409283e-4,0.01688382331535521,0,1,1,0,M,2336,SDN,0.2333333333333333,0.5480842911877395,9.555555555555555,12.11111111111111,79,2.433333333333333,0.22329460140582447,0.1555446403107695,0.9506172839506173,21.333333333333332,4.796875,0.17639499928492622,0.46849521653355003,0.44667021025907794,9,9,3,3,3,3,3,3,0.5268284893005428,0.31232091690544383,0.42913907284768155,0.37025316455696206,0.4060773480662978,0.4926253687315634,0,0,0,0.6654929787692405,0.5621838048398651,0.8608806612548631,0.4339131136393165,non,non,0,0,8.272222222222222,8.428125000000001,8.272222222222222,0.75,1,1,3,0.42276282635122275,0.4229852937849411
wisteria,F,0.023090586,12_13_2017,11:00,1,1,8,6,8,29,KW,640,L,0,743.2666666666667,NA,NA,-2.326140155728586,0.16289324548421671,0.4,0.004226918798665173,0.004226918798665173,0.5005714263051326,0,0,NA,NA,F,2490,NSD,0.263816091954023,0.18101532567049808,5.555555555555555,7.555555555555555,69.44444444444444,2.4961111111111105,0.11227950773247755,0.20726708456275597,0.9876543209876543,22,2.9414285714285726,0.18790878324472232,0.5168384634993869,0.5411738455347261,9,9,3,3,3,3,3,3,0.46531657355679695,0.5377358490566042,0.43058951371909765,0.768760907504363,0.5,0.5384615384615388,0,1,1,0.8884041118895878,0.7873384070186397,0.48663665300918885,0.7246509481712887,low,non,1,0,16.94142857142857,6.8822222222222225,4.67,0.2857142857142857,2,1,1,0.47788064544416625,0.6024074819886339
gloria,F,0.09057971,8_24_2017,1:38,1,1,16,8,4,32,DH,1280,L,16,821.4642857142857,78.09999999999991,-0.2,-11.928571428571434,1.3695073425410418e-4,0.31666666666666665,0.008120133481646271,0.008120133481646271,0.5535038017086977,1,0,1,0,F,3350,SDN,0.06952107279693487,0.26257854406130265,5.666666666666667,5.555555555555555,45.44444444444444,5.608333333333333,0.07084124652902964,0.16664857961260146,0.7283950617283951,17.22222222222222,5.316714285714286,0.29175932374880664,0.4995236155188724,0.42305537708857577,9,9,3,3,3,3,3,3,0.5049045860698482,0.3892421159715157,0.5134803921568628,0.31268436578171094,0.7016212487064503,0,0,1,1,0.4510880219268337,0.9939400301986933,0.1318094549613764,0.5825017903775748,low,non,1,0,24.924,16.143749999999997,24.924,0.5714285714285714,2,2,2,0.4692090313994089,0.33810187149605375
wanda,F,0.035971223,9_6_2017,3:29,1,1,31,28,7,152,DH,800,R,9,617.84,NA,NA,1.304738598442713,0.8481966830273109,0.5333333333333333,-0.0031145717463848667,-0.0031145717463848667,0.015290530516394596,0,1,NA,NA,NA,NA,NA,NA,NA,NA,NA,NA,NA,NA,NA,NA,NA,NA,NA,NA,NA,NA,NA,NA,NA,NA,NA,NA,NA,NA,NA,NA,NA,NA,NA,NA,NA,NA,NA,NA,NA,NA,NA,NA,NA,NA,NA,NA,NA,NA,NA,NA,NA,NA,NA
gideon,M,0.30198915,12_3_2017,2:51,1,1,34,8,3,13,BW,1280,L,9,680.6,NA,NA,-9.96084538375973,0.6801297522561982,0.43333333333333335,0.012680756395995552,0.012680756395995552,0.09332766956546738,0,0,NA,NA,M,1025,SDN,0.4115708812260536,0.020402298850574718,7.666666666666667,2.7777777777777777,30.77777777777778,18.20277777777778,0.21538031114770562,0.006677963913422611,0.6666666666666666,4.375,98.19999999999999,0.11161522762661298,0.35028508666293956,0.2857142857142857,8,7,3,3,3,3,2,3,0.18069088926479426,0.4365386972466367,0,0,0,0,0,0,0,0.025232689232391955,0.18127639241267002,4.790565961876614e-4,0.5296506700533425,non,non,0,0,134.42499999999998,71.34166666666667,134.42499999999998,1,2,1,1,0.20574319550381032,0
griffin,M,0.493457944,12_3_2017,2:33,1,1,35,31,3,30,BW,NA,NA,NA,NA,NA,NA,NA,NA,NA,NA,NA,NA,NA,NA,NA,NA,M,1019,SDN,0.3478927203065134,0.11293103448275861,3.6666666666666665,2.2222222222222223,25.333333333333332,16.869444444444444,0.2775203802000577,0.08281028514268346,0.8148148148148148,4.555555555555555,17.979999999999997,0.10979063036270578,0.3962744324378054,0.5,9,6,3,3,3,3,1,2,0.44177724765170717,0.3692085812150715,0.21595133491044274,1,0,0.5,0,1,1,0.4518545293208607,0.3634729412332518,0.004039328517458278,1,low,non,1,0,50.828125,67.92916666666667,50.828125,0.6,1,2,3,0.3423123879257405,0.5
gary,M,0.354938272,8_31_2017,10:50,1,1,43,37,232,233,DH,1280,R,30,644.8666666666667,-34.10000000000002,0.09999999999999998,-0.14883203559510563,0.5314740445042669,0.5,-0.00222469410456063,-0.00222469410456063,0.061847980929822875,0,0,0,0,M,2330,NSD,0.13867816091954024,0.42815325670498083,8,5.444444444444445,53.77777777777778,2.0088888888888885,0.1325782588328381,0.5522467888461364,0.8518518518518519,10.777777777777779,32.772999999999996,0.0924855898579825,0.5103590139708649,0.524902874444351,9,7,3,3,3,2,2,3,0.5532829287703944,0.6151104775481109,0.4088815789473684,0.6889715788798357,0.5,0.4083769633507854,1,1,1,0.995135198775796,0.8840150616784982,0.1846331223148499,0.8814298412768545,low,low,1,0,54.819374999999994,46.2525,54.819374999999994,0.2,2,2,1,0.5257583284219579,0.5324495140768737
wheatley,M,0.036324786,8_31_2017,11:29,1,1,56,21,6,76,DH,1280,R,30,669.4166666666666,82.40000000000009,0,-2.2926585094549483,0.5411868311977518,0.4666666666666667,-2.2246941045605954e-4,-2.2246941045605954e-4,0.18765462469412983,0,0,0,0,M,2380,NSD,0.28654022988505745,0.5725172413793104,8,6.111111111111111,53.666666666666664,5.9527777777777775,0.3108983232026474,0.1918046552530262,0.9135802469135802,7.222222222222222,4.509,0.0891545397986054,0.49636019968410094,0.3944982815118113,9,9,3,3,3,3,3,3,0.22171945701357448,0.594307162965281,0.7296110414052696,0.10597302504816956,0.24984703242912537,0.5060728744939273,1,0,0,0.8799301941810108,0.9712275144972804,0.10151629376499567,0.4363005404284156,non,low,0,0,12.668625,33.38022222222222,4.581250000000001,0.5,1,1,2,0.5152125537947083,0.2872976439904074
wylla,F,0.373540856,10_31_2017,3:46,1,1,58,47,8,28,DH,1280,R,0,687.4666666666667,NA,NA,0.4600667408231399,0.2694482940621891,0.45,-0.0012235817575083428,-0.0012235817575083428,0.0904819165832589,0,0,NA,NA,NA,NA,NA,NA,NA,NA,NA,NA,NA,NA,NA,NA,NA,NA,NA,NA,NA,NA,NA,NA,NA,NA,NA,NA,NA,NA,NA,NA,NA,NA,NA,NA,NA,NA,NA,NA,NA,NA,NA,NA,NA,NA,NA,NA,NA,NA,NA,NA,NA,NA,NA
warren,M,0.05019305,10_17_2017,2:17,1,1,66,62,1,16,DH,640,L,0,671.7,NA,NA,-2.3250278086763077,0.988248387860628,0.4666666666666667,0.0024471635150166713,0.0024471635150166713,0.08373171134385629,0,0,NA,NA,NA,NA,NA,NA,NA,NA,NA,NA,NA,NA,NA,NA,NA,NA,NA,NA,NA,NA,NA,NA,NA,NA,NA,NA,NA,NA,NA,NA,NA,NA,NA,NA,NA,NA,NA,NA,NA,NA,NA,NA,NA,NA,NA,NA,NA,NA,NA,NA,NA,NA,NA
waverly,F,0.670658683,12_3_2017,3:27,1,1,75,61,4,358,BW,1280,L,8,714.7666666666667,NA,NA,-4.4785317018909865,0.3043962314020358,0.4,0.0064516129032258064,0.0064516129032258064,0.3410727118681686,0,0,NA,NA,F,1319,SDN,0.03141762452107279,0.4004980842911878,5.444444444444445,1.5555555555555556,16,36.083444444444446,0.02603683921676995,0.5286911319092328,0.2962962962962963,7.111111111111111,NaN,0.4452720288739973,NaN,NaN,0,0,0,0,0,0,0,0,NA,NA,NA,NA,NA,NA,0,0,0,NA,NA,NA,NA,non,non,0,0,NaN,NaN,NaN,NaN,0,0,0,NaN,NaN
wilbur,M,0.077235772,9_13_2017,12:23,1,1,76,17,7,32,DH,1280,R,15,658.4166666666666,94.80000000000001,-0.09999999999999998,6.157842046718582,0.5411429811915431,0.48333333333333334,-0.006562847608453842,-0.006562847608453842,0.0402737463613916,0,1,0,0,M,1961,DNS,0.28633333333333333,0.4067777777777778,4.888888888888889,4.888888888888889,47.333333333333336,2.266666666666667,0.07236575584065628,0.13968265915383396,0.7160493827160493,12.666666666666666,4.1875,0.07152409130027901,0.5359650314427535,0.5746753246753247,9,9,3,3,3,3,3,3,0.4662620492681185,0.7529328621908127,0.47539342904472676,0.17207792207792239,1,1,1,2,2,0.17635487844430214,0.6104401202628251,0.0010317127868623537,0.5637028616507731,low,low,1,1,17.863888888888887,46.36875,17.863888888888887,0.75,2,2,3,0.5648627801678859,0.7240259740259741
gunther,M,0.947686117,8_24_2017,2:42,1,1,91,89,5,12,DH,1280,L,9,696.55,NA,NA,-4.612569521690769,0.7740211662625126,0.43333333333333335,0.0051167964404894295,0.0051167964404894295,0.09332766956546738,0,0,NA,NA,NA,NA,NA,NA,NA,NA,NA,NA,NA,NA,NA,NA,NA,NA,NA,NA,NA,NA,NA,NA,NA,NA,NA,NA,NA,NA,NA,NA,NA,NA,NA,NA,NA,NA,NA,NA,NA,NA,NA,NA,NA,NA,NA,NA,NA,NA,NA,NA,NA,NA,NA
gladys,F,0.040816327,10_17_2017,10:07,1,1,120,7,11,333,DH,1280,R,14,614.05,184.5,-0.19999999999999996,-4.565183537263624,0.9618320947897734,0.5333333333333333,0.0022246941045606164,0.0022246941045606164,0.007053932516182895,0,1,1,0,F,2695,NDS,0.15096059113300492,0.19029556650246307,5.571428571428571,3.4285714285714284,42.285714285714285,12.46857142857143,0.08994318746598971,0.10020950888910703,0.8412698412698413,12.857142857142858,5.250000000000001,0.1883978874753034,0.4768127061037222,0.7142857142857143,7,7,2,2,3,2,2,3,0.5367054980592403,0.47356944913203225,0.4554983800266819,0.5,1,1,0,2,2,0.7182102733155302,0.5823896211835776,2.751787022775031e-4,0.2986176744488101,low,non,1,1,17.605,35.875,17.605,1,1,5,3,0.48859110907265146,0.8333333333333334
georgiafixed,F,0.462295082,9_13_2017,11:29,1,1,285,22,5,10,DH,NA,NA,NA,NA,NA,NA,NA,NA,NA,NA,NA,NA,NA,NA,NA,NA,F,3036,DNS,0.23182375478927209,0.36912260536398467,10.777777777777779,6,60.111111111111114,4.794666666666666,0.0962057066818536,0.12604462893951168,0.9629629629629629,19.666666666666668,1.8603999999999992,0.13544925131293112,0.5003592958001349,0.578846788203382,9,9,3,3,3,3,3,3,0.49198717948717957,0.5162979226482012,0.4742451154529307,0.5068965517241381,0.5281690140845069,0.8300884955752214,0,1,1,0.41741897078033813,0.9900460787921892,0.17921643994861083,0.5456792325575683,low,non,1,0,10.333666666666668,11.215874999999999,10.333666666666668,0.6,1,2,1,0.49417673919610383,0.6217180204612888
gwen,F,0.190082645,10_17_2017,9:47,1,1,289,283,11,190,DH,640,R,0,603.0333333333333,NA,NA,0.8246941045606142,0.47730122517657614,0.5166666666666667,0.0016685205784204688,0.0016685205784204688,0.01688382331535521,0,1,NA,NA,NA,NA,NA,NA,NA,NA,NA,NA,NA,NA,NA,NA,NA,NA,NA,NA,NA,NA,NA,NA,NA,NA,NA,NA,NA,NA,NA,NA,NA,NA,NA,NA,NA,NA,NA,NA,NA,NA,NA,NA,NA,NA,NA,NA,NA,NA,NA,NA,NA,NA,NA
wedelia,F,0.122641509,12_3_2017,3:07,1,1,354,351,17,34,BW,1280,L,0,637,NA,NA,0.819799777530589,0.9354527592012709,0.5166666666666667,-3.337041156841022e-4,-3.337041156841022e-4,0.01688382331535521,0,1,NA,NA,F,1450,SDN,0.06331417624521073,0.7199616858237547,3,4.333333333333333,36.77777777777778,2.430555555555556,0.07674720183538292,0.42981176399689447,0.691358024691358,11.222222222222221,53.075,0.39959828272958847,0.46619736962338637,0.4929723469358574,6,2,3,3,0,1,1,0,0.01925722145804674,0.8836805555555557,NA,0.11570247933884283,0.870242214532872,NA,1,1,1,0.03943879098940303,0.7524936490337828,NA,NA,NA,low,1,0,46,70.825,46,0.6666666666666666,1,1,2,0.4514688885068012,0.4929723469358574
grayson,M,0.286666667,12_3_2017,2:15,1,1,358,218,6,92,BW,1280,L,8,652.5,NA,NA,2.0636262513904327,0.9588962424600657,0.5,-0.002447163515016696,-0.002447163515016696,0.017545979051391658,0,1,NA,NA,M,1097,SDN,0.3258429118773946,0.30765900383141764,2.6666666666666665,4.333333333333333,36.22222222222222,16.225,0.10945053002351193,0.03904471310825798,0.7037037037037037,12.666666666666666,4.6375,0.31880529286614895,0.4562452926553839,0.5629222972972973,9,8,3,3,3,3,3,2,0.6522157996146439,0.5095415117719952,0.2276052788182171,1,1,0,1,2,2,0.9977193192858387,0.6325925670915944,0.005699928850000039,0.7062559621048525,low,low,1,1,33.19285714285714,32.959375,33.19285714285714,0.5,1,2,1,0.46312086340161873,0.6666666666666666
wildflower,F,1,12_13_2017,10:41,1,1,494,487,5,40,KW,640,L,0,554.0666666666667,NA,NA,10.36262513904339,0.1284291853368579,0.5833333333333334,-0.01190211345939933,-0.01190211345939933,0.007694085074102588,0,1,NA,NA,F,2710,NSD,0.30075095785440614,0.19624137931034483,2.7777777777777777,2.5555555555555554,23.555555555555557,20.833333333333332,0.12630248312922118,0.19231641076381348,0.7916666666666666,6.125,24.78125,0.19715872370000126,0.3609409035190732,0.2739884393063584,8,5,3,3,3,1,2,3,0.3544176706827311,0.29377468497272896,0.3293584886774328,0.369942196531792,0.5,0,0,0,0,0.5253087550153003,0.22021012631919012,0.025847559304012,0.6567212865637704,non,non,0,0,103.31666666666666,56.99166666666667,103.31666666666666,0,1,1,0,0.3258502814442976,0.289980732177264
gendry,M,NA,10_31_2017,2:40,1,0,NA,5,4,295,DH,1280,L,6,574.3,NA,NA,9.67474972191325,0.441685528799845,0.5666666666666667,-0.01001112347052281,-0.01001112347052281,0.002743647355941639,0,1,NA,NA,NA,NA,NA,NA,NA,NA,NA,NA,NA,NA,NA,NA,NA,NA,NA,NA,NA,NA,NA,NA,NA,NA,NA,NA,NA,NA,NA,NA,NA,NA,NA,NA,NA,NA,NA,NA,NA,NA,NA,NA,NA,NA,NA,NA,NA,NA,NA,NA,NA,NA,NA
gabriel,M,NA,9_6_2017,1:22,1,0,NA,10,5,14,DH,NA,NA,NA,NA,NA,NA,NA,NA,NA,NA,NA,NA,NA,NA,NA,NA,M,2050,DSN,0.06776436781609194,0.505080459770115,4.166666666666667,6,54.5,6.737500000000002,0.18775751124389345,0.08522206868378827,0.9629629629629629,11.833333333333334,5.343750000000002,0.10682065407829153,0.5917746343180567,0.5593344217982923,6,6,3,1,2,3,1,2,0.5649674204676122,0.7140486980566864,0.5709249121607773,0.10336538461538422,1,0.6263205730871846,1,2,2,0.8667000237146567,0.16637842211630044,0.2936597216981074,0.7490842427053411,low,low,1,1,11.192600000000002,42.4674,11.192600000000002,0.5,2,1,1,0.6166470102283587,0.5765619859008563
gretchen,F,NA,10_17_2017,9:24,1,0,NA,17,6,18,DH,1280,R,13,592.6166666666667,-37.89999999999998,0,8.59010011123471,0.7909840639623269,0.5666666666666667,-0.005339265850945504,-0.005339265850945504,0.006051268264239885,0,1,0,0,F,2879,NDS,0.17637547892720307,0.41888888888888887,6.333333333333333,6.777777777777778,108.44444444444444,2.205555555555555,0.12769158927412116,0.6524675072522353,0.6790123456790124,25,19.38333333333333,0.13932826997928593,0.5798771221679269,0.5556768558951964,9,8,2,3,3,2,3,2,0.6842313787638669,1,0.2113526570048309,0.7227074235807857,1,0.5,2,2,2,0.030314825143480034,0.546493595406582,0.005711008775698185,0.8210975835519595,low,low,1,1,39.69285714285714,18.1098,39.69285714285714,0.3333333333333333,2,3,1,0.6318613452562326,0.7409024745269286
wendy,F,NA,8_31_2017,12:07,1,0,NA,20,4,5,DH,1280,R,21,597.1666666666666,-360.69999999999993,0.5,10.822469410456065,0.6322798559025433,0.55,-0.013014460511679647,-0.013014460511679647,0.027020993970902636,0,1,0,0,F,3437,NSD,0.23418007662835252,0.329272030651341,7.333333333333333,10.11111111111111,94.55555555555556,2.566666666666667,0.1434615957506578,0.5391887978179163,1,25.22222222222222,1.2124999999999997,0.1161088312561104,0.49369367024178457,0.5337161814632942,9,9,3,3,3,3,3,3,0.6112499999999996,0.44186888808402736,0.3373246664385904,0.7338582677165353,0.6600000000000001,0.2804878048780489,1,2,2,0.06515107463068219,0.9190679644104038,0.25645194014304007,0.6636585138945696,low,low,1,1,3.9874999999999994,5.7178571428571425,3.9874999999999994,0.5,2,2,3,0.4634811848408725,0.5581153575315281
gilly,F,NA,10_31_2017,1:06,1,0,NA,36,9,414,DH,1280,L,30,763.6666666666666,42.89999999999998,0,-5.074527252502777,0.01351629161107218,0.3333333333333333,0.004894327030033366,0.004894327030033366,0.8323252952633133,1,0,0,0,NA,NA,NA,NA,NA,NA,NA,NA,NA,NA,NA,NA,NA,NA,NA,NA,NA,NA,NA,NA,NA,NA,NA,NA,NA,NA,NA,NA,NA,NA,NA,NA,NA,NA,NA,NA,NA,NA,NA,NA,NA,NA,NA,NA,NA,NA,NA,NA,NA,NA,NA
wes,M,NA,10_17_2017,10:29,1,0,NA,285,15,97,DH,1280,L,7,664.1833333333333,NA,NA,-3.032369299221357,0.6114578145199779,0.48333333333333334,0.0041156840934371405,0.0041156840934371405,0.0402737463613916,0,1,NA,NA,NA,NA,NA,NA,NA,NA,NA,NA,NA,NA,NA,NA,NA,NA,NA,NA,NA,NA,NA,NA,NA,NA,NA,NA,NA,NA,NA,NA,NA,NA,NA,NA,NA,NA,NA,NA,NA,NA,NA,NA,NA,NA,NA,NA,NA,NA,NA,NA,NA,NA,NA
watson,M,NA,9_13_2017,12:06,0,0,NA,NA,28,33,DH,1280,R,0,593.1166666666667,NA,NA,0.23259176863182432,0.583328989702022,0.55,-1.1123470522803562e-4,-1.1123470522803562e-4,0.006757228794922884,0,1,NA,NA,M,1968,DNS,0.12693965517241376,0.19114224137931035,4.375,4.5,32.375,13.6425,0.13738047089870575,0.05042897703260567,0.8194444444444444,9.75,3.8125,0.18823695811384103,0.44566332182800933,0.43201647193976944,8,8,3,3,2,3,3,2,0.271018593371059,0.5554896142433235,0.44530892882336304,0,1,0.1527724021273239,0,1,1,0.4247106210708153,0.5831368486567914,0.12429478504790943,0.6590640627067738,low,non,1,0,14.733,27.59,14.733,0.5,2,1,1,0.42393904547924854,0.38425746737577465
gina,F,NA,9_13_2017,11:10,0,0,NA,NA,5,10,DH,1280,L,13,625.35,61.40000000000009,0,-6.157397107897673,0.5123215778532472,0.5166666666666667,0.005005561735261397,0.005005561735261397,0.06311135935195457,0,0,0,0,F,2687,DNS,0.2641992337164751,0.331,5.777777777777778,4.555555555555555,55.111111111111114,3.7243333333333326,0.031398155821618735,0.4299974883069167,0.9259259259259259,17.77777777777778,3.937500000000001,0.04925002698064154,0.5345077365698145,0.4000356956239309,9,8,3,3,3,3,3,2,0.8803087209542285,0.6056711201307848,0.5336153051689373,0,0.07501083971672186,0.5626373626373625,2,0,0,0.24513004845176012,0.7669476597097331,0.0019311912804944142,0.8835658386254671,non,low,0,0,50.29116666666667,42.492,50.29116666666667,0.5,3,3,2,0.6731983820846502,0.2125494007846948
gail,F,NA,8_31_2017,11:10,0,0,NA,NA,8,12,DH,1280,R,24,559.0166666666667,-30.700000000000045,0.09999999999999998,4.576529477196895,0.8771292794530159,0.6,-0.006674082313681866,-0.006674082313681866,0.005764567160036133,0,1,0,0,NA,NA,NA,NA,NA,NA,NA,NA,NA,NA,NA,NA,NA,NA,NA,NA,NA,NA,NA,NA,NA,NA,NA,NA,NA,NA,NA,NA,NA,NA,NA,NA,NA,NA,NA,NA,NA,NA,NA,NA,NA,NA,NA,NA,NA,NA,NA,NA,NA,NA,NA
gemma,F,NA,12_13_2017,12:18,0,0,NA,NA,1,13,KW,640,L,0,584.0666666666667,NA,NA,-13.301446051167968,0.900377432955656,0.5333333333333333,0.012458286985539484,0.012458286985539484,0.026089878978692423,0,1,NA,NA,F,2823,NSD,0.035632183908045977,0.0568007662835249,2.6666666666666665,4.333333333333333,36.22222222222222,12.03888888888889,0.10916545959922075,0.14864530312306712,0.8148148148148148,7.444444444444445,13.037500000000001,0.15109254849613993,0.43452735202202486,0.42079682420169956,9,8,3,3,3,3,3,2,0.4261127596439169,0.4305804907241174,0.20684931506849316,0,0.22568093385213994,0.5,0,0,0,0.24334034629500295,0.6117679367174873,0.008706840098416364,0.7196107398947735,non,non,0,0,51.81,23.729166666666668,51.81,0,1,1,0,0.35451418847884253,0.24189364461737997
gordon,M,NA,12_13_2017,12:00,0,0,NA,NA,1,19,KW,640,L,0,709.8666666666667,NA,NA,-4.610901001112344,0.235723285098948,0.4666666666666667,0.004004449388209114,0.004004449388209114,0.08373171134385629,0,0,NA,NA,M,2156,NSD,0.39620689655172414,0.2227241379310345,5.222222222222222,3.6666666666666665,22.22222222222222,12.283555555555555,0.3072740669625391,0.29944476660937996,0.7283950617283951,5.777777777777778,53.55833333333333,0.18590885790996087,0.18069139441454982,0.3333333333333333,7,3,1,3,3,0,1,2,0.0380204042836323,0.1269951422623176,0,NA,1,0,0,1,1,0.010593674990106368,0.05024291912937796,0,0.7728299926844475,low,non,1,0,94.125,86.32514285714286,94.125,0.6666666666666666,1,1,2,0.055005182181983296,0.5
wahida,F,NA,12_3_2017,3:45,0,0,NA,NA,4,23,BW,1280,L,11,651.3,62.5,-0.10000000000000003,-6.434260289210237,0.8510690389766766,0.48333333333333334,0.006785317018909901,0.006785317018909901,0.0402737463613916,0,1,0,0,F,1535,SDN,0.1504022988505747,0.568639846743295,5.333333333333333,6.555555555555555,47.666666666666664,3.9138888888888888,0.07908255438933608,0.5632272373161497,0.7160493827160493,14,2.9166666666666665,0.20494942350154113,0.271544319251127,0.44736405048875383,8,8,3,3,2,3,3,2,0.45445920303605297,0.06848802395209569,0.1476306196840823,0.7073170731707311,0,0.4357976653696498,0,1,1,0.03823246836309187,0.13952696844257642,0.007763569804689938,0.608247652417139,low,non,1,0,55.325,25.54,25.005000000000003,0.6666666666666666,1,2,1,0.22352594889074365,0.381038246180127
willis,M,NA,8_24_2017,2:25,0,0,NA,NA,3,22,DH,1280,L,7,661.1333333333333,NA,NA,-4.456284760845378,0.816611475372431,0.4666666666666667,0.005561735261401554,0.005561735261401554,0.136160094659093,0,0,NA,NA,M,2235,SDN,0.07720306513409961,0.18,3.5555555555555554,4.222222222222222,26.88888888888889,32.61666666666667,0.11760762639027665,0.24779131387831022,0.7222222222222222,5.125,5.149999999999999,0.053401018900178884,0.232649123508876,0.14480711233978386,8,8,3,3,3,3,3,3,0.4764285714285714,0.015558698727015487,0.11240992794235394,0,0,0,0,0,0,0.02433433800009984,0.05747074469647431,5.870842036764304e-4,0.08070813375119286,non,non,0,0,67.275,5.787499999999999,67.275,0,1,1,0,0.20146573269931362,0
waldhurga,F,NA,10_10_2017,1:07,0,0,NA,NA,8,56,DH,1280,L,8,645.6333333333333,NA,NA,-3.6102335928809888,0.8858517600588698,0.48333333333333334,0.007452725250278088,0.007452725250278088,0.07383371816783324,0,0,NA,NA,F,3066,SND,0.33371647509578545,0.05986590038314177,2.5555555555555554,2.4444444444444446,18.555555555555557,14.630555555555556,0.14620931948453122,0.052960564031855284,0.6666666666666666,4.444444444444445,24.995833333333337,0.14664021717244693,0.41259204442701325,0.1963470319634703,9,6,3,3,3,2,2,2,0.4285209684670219,0.44810704960835496,0.3027586206896551,0.5,0,0.08904109589041093,0,0,0,0.6451568532689372,0.44360727160540814,4.580370978032415e-4,0.1824224394517357,non,non,0,0,63.875,72.102125,63.875,0.5,2,1,2,0.39312887958834397,0.1963470319634703
gibson,M,NA,12_13_2017,11:42,0,0,NA,NA,4,84,KW,640,L,0,659.9333333333333,NA,NA,13.936373748609578,0.9208039719250427,0.48333333333333334,-0.011234705228031144,-0.011234705228031144,0.11146452624631825,0,0,NA,NA,M,2023,NSD,0.2502413793103448,0.4854214559386973,5.888888888888889,4.888888888888889,50,3.6821111111111104,0.20236776888329194,0.5497352811488319,0.654320987654321,7.777777777777778,15.10375,0.12823554709543245,0.3214310815760527,0.2562157606405394,8,6,3,2,3,2,1,3,0.5266666666666666,0.1996775679410413,0,0.7686472819216184,0,0,0,1,1,0.1537721438967483,0.18570792180274728,0.006840978047058498,0.2665205258050108,low,non,1,0,39.583,16.192142857142855,39.583,0.5,1,1,1,0.24211474486923598,0.25621576064053947
grant,M,NA,10_10_2017,2:09,0,0,NA,NA,3,107,DH,1280,R,5,671.2666666666667,NA,NA,-6.420912124582874,0.4482827390974172,0.4666666666666667,0.007119021134593991,0.007119021134593991,0.04168747031892767,0,1,NA,NA,NA,NA,NA,NA,NA,NA,NA,NA,NA,NA,NA,NA,NA,NA,NA,NA,NA,NA,NA,NA,NA,NA,NA,NA,NA,NA,NA,NA,NA,NA,NA,NA,NA,NA,NA,NA,NA,NA,NA,NA,NA,NA,NA,NA,NA,NA,NA,NA,NA,NA,NA
winter,F,NA,10_10_2017,12:45,0,0,NA,NA,7,131,DH,1280,L,5,693.7166666666667,NA,NA,-5.7678531701891,0.4526753082166181,0.43333333333333335,0.00600667408231368,0.00600667408231368,0.1765737852314665,0,0,NA,NA,F,2868,SND,0.33876245210727973,0.16628352490421455,15.11111111111111,7.111111111111111,97.77777777777777,1.5283333333333333,0.1487346002613707,0.24754502511423127,0.9753086419753086,23.333333333333332,2.497499999999999,0.11183859864431524,0.4921498497267916,0.6780586730702488,9,9,3,3,3,3,3,3,0.5974594831362242,0.4218262694504137,0.4967339557884638,1,0.4007790845756236,1,0,2,2,0.5688024737557376,0.8517170880490149,0.02516289954483832,0.18462451562339968,low,non,1,1,17.58175,16.35611111111111,17.58175,0.5,1,3,2,0.5053399027917006,0.8002596948585412
willow,F,NA,8_31_2017,11:48,0,0,NA,NA,9,157,DH,1280,R,16,668.55,410.20000000000005,-0.4,-3.8991101223581843,0.9853155607917649,0.4666666666666667,0.001334816462736362,0.001334816462736362,0.04168747031892767,0,1,1,1,NA,NA,NA,NA,NA,NA,NA,NA,NA,NA,NA,NA,NA,NA,NA,NA,NA,NA,NA,NA,NA,NA,NA,NA,NA,NA,NA,NA,NA,NA,NA,NA,NA,NA,NA,NA,NA,NA,NA,NA,NA,NA,NA,NA,NA,NA,NA,NA,NA,NA,NA
garrett,M,NA,9_6_2017,1:01,0,0,NA,NA,39,247,DH,NA,NA,NA,NA,NA,NA,NA,NA,NA,NA,NA,NA,NA,NA,NA,NA,NA,NA,NA,NA,NA,NA,NA,NA,NA,NA,NA,NA,NA,NA,NA,NA,NA,NA,NA,NA,NA,NA,NA,NA,NA,NA,NA,NA,NA,NA,NA,NA,NA,NA,NA,NA,NA,NA,NA,NA,NA,NA,NA,NA,NA,NA,NA,NA,NA,NA,NA
george,M,NA,8_31_2017,10:30,0,0,NA,NA,43,294,DH,1280,R,7,651.6333333333333,NA,NA,3.4100111234705324,0.8539746807231009,0.4666666666666667,-2.224694104560619e-4,-2.224694104560619e-4,0.136160094659093,0,0,NA,NA,M,2222,NSD,0.10057471264367816,0.12442528735632184,2.3333333333333335,3.111111111111111,26.11111111111111,9.702777777777778,0.040967673934491855,0.1667846951803031,0.7160493827160493,9.666666666666666,3.920833333333334,0.38313220764017347,0.4974310363413205,0.46997150091047424,9,9,3,3,3,3,3,3,0.28077416096954644,0.8544355946168636,0.5004376367614878,0,1,0.36833046471600683,1,1,1,0.2827154871869001,0.9828566660200055,0.005897970368718591,0.8029638744383367,low,low,1,0,30.017857142857142,40.8125,30.017857142857142,0.3333333333333333,2,2,1,0.5452157974492993,0.45611015490533563
whitney,F,NA,9_6_2017,3:11,0,0,NA,NA,5,283,DH,800,R,24,708.2666666666667,-135.51999999999998,0.19999999999999996,10.861846496106788,0.42224550532627136,0.4,-0.012903225806451608,-0.012903225806451608,0.19411658913000682,0,0,0,0,NA,NA,NA,NA,NA,NA,NA,NA,NA,NA,NA,NA,NA,NA,NA,NA,NA,NA,NA,NA,NA,NA,NA,NA,NA,NA,NA,NA,NA,NA,NA,NA,NA,NA,NA,NA,NA,NA,NA,NA,NA,NA,NA,NA,NA,NA,NA,NA,NA,NA,NA
gabi,F,NA,9_13_2017,10:50,0,0,NA,NA,3,284,DH,1280,L,5,596.5166666666667,NA,NA,16.208120133481653,0.9208283097805237,0.55,-0.020133481646273637,-0.020133481646273637,0.006757228794922884,0,1,NA,NA,F,3248,DNS,0.18208812260536397,0.24942528735632186,8.222222222222221,5.333333333333333,71.44444444444444,8.744444444444445,0.05749309767445684,0.34368155319469224,0.7530864197530864,24.555555555555557,2.4949999999999988,0.13972866410803308,0.4527042927173649,0.39140369769017325,9,9,3,3,3,3,3,3,0.3236174885206627,0.5873799725651574,0.4104833219877467,0,0.10238907849829347,1,0,1,1,0.47208570344470296,0.3791944849834288,0.008941473303282647,0.46313073982173036,low,non,1,0,25.457142857142856,15.174999999999999,19.705,0.6,1,1,2,0.44049359435785557,0.36746302616609783
gavin,M,NA,9_6_2017,1:42,0,0,NA,NA,NA,NA,DH,800,L,0,672.08,NA,NA,-4.99808676307008,0.5508979536696876,0.4666666666666667,0.005339265850945484,0.005339265850945484,0.04168747031892767,0,1,NA,NA,M,1992,DSN,0.14453448275862069,0.8208333333333333,2.6666666666666665,5.833333333333333,32.333333333333336,3.8040000000000003,0.10106178584433265,0.6855170839521483,0.6666666666666666,7.166666666666667,18.9295,0.076251628843512,0.45984590778030077,0,6,2,3,1,2,0,1,1,1,0.5015301750520259,0.12877263581488937,NA,0,0,1,0,0,0.16218157441337935,0.8384659109907322,NA,NA,non,low,0,0,97.5875,52.46475,97.5875,0,1,0,0,0.5434342702889717,0
wile,M,NA,12_13_2017,11:18,0,0,NA,NA,NA,NA,KW,640,R,0,628.4666666666667,NA,NA,3.4460511679644057,0.9500948892132121,0.5166666666666667,-0.003670745272525028,-0.003670745272525028,0.01688382331535521,0,1,NA,NA,M,2236,NSD,0.092911877394636,0.727911877394636,3.6666666666666665,7.777777777777778,55.77777777777778,3.019444444444444,0.12414822805533354,0.591361614484115,0.7901234567901234,16.555555555555557,14.04375,0.20085932900937653,0.5128424786944414,0.5255555555555558,9,6,3,3,3,2,1,3,0.3764434180138572,0.5877712031558194,0.5990566037735849,0.5,1,0.5000000000000006,0,1,1,0.007103019293365086,0.359375,0.1943524878889278,0.8951588301056221,low,non,1,0,26.440624999999997,28.605555555555554,26.440624999999997,0.5,2,1,2,0.52109040831442055,0.6666666666666669
garfield,M,NA,10_31_2017,1:27,0,0,NA,NA,NA,NA,DH,1280,L,5,664.9,NA,NA,-4.773303670745277,0.9647645479838374,0.48333333333333334,0.002558398220244713,0.002558398220244713,0.07383371816783324,0,0,NA,NA,NA,NA,NA,NA,NA,NA,NA,NA,NA,NA,NA,NA,NA,NA,NA,NA,NA,NA,NA,NA,NA,NA,NA,NA,NA,NA,NA,NA,NA,NA,NA,NA,NA,NA,NA,NA,NA,NA,NA,NA,NA,NA,NA,NA,NA,NA,NA,NA,NA,NA,NA
garrison,M,NA,10_10_2017,1:46,0,0,NA,NA,NA,NA,DH,1280,R,5,607.2,NA,NA,2.095661846496103,0.4158517668070445,0.5333333333333333,-0.0022246941045606307,-0.0022246941045606307,0.007053932516182895,0,1,NA,NA,M,2160,SND,0.43984674329501916,0.43703448275862067,2,6.333333333333333,39.22222222222222,6.352777777777778,0.23064686973040943,0.2225545376448234,0.9382716049382716,11.555555555555555,9.793624999999999,0.21165921652425002,0.4792582637058709,0.3688902084917123,9,9,3,3,3,3,3,3,0.42070051160960237,0.35780496848350013,0.6315614617940198,0.4608695652173923,0.04255319148936162,0.40650406504065006,1,0,0,0.44469177390080183,0.7185483438821278,0.03136490382946421,0.33462680974788683,non,low,0,0,19.927666666666667,16.69475,19.927666666666667,0.5,1,1,3,0.4700223139623741,0.303308940582468
gertrude,F,NA,8_24_2017,1:20,0,0,NA,NA,NA,NA,DH,1280,L,9,695.4333333333333,NA,NA,-7.124805339265847,0.5387101568117925,0.45,0.005450500556173522,0.005450500556173522,0.1584996027250176,0,0,NA,NA,F,2878,SDN,0.2509348659003831,0.22105363984674328,7.444444444444445,8.777777777777779,48.77777777777778,3.2499999999999996,0.1351316790983879,0.24952560457110884,0.8765432098765432,14.555555555555555,32.854166666666664,0.5537861000873793,0.47988116526981145,0.4423868312757202,9,6,3,3,3,2,2,2,0.24587458745874538,0.5436241610738257,0.36163522012578603,0.32716049382716056,0.5,0.5,0,0,0,0.3165691513909684,0.8742063786681604,0.029823872693191013,0.8241408957418852,non,non,0,0,37.46071428571429,72.849375,37.46071428571429,0.6666666666666666,2,2,2,0.38371132288611903,0.4423868312757202
wayne,M,NA,9_13_2017,11:48,0,0,NA,NA,NA,NA,DH,1280,R,4,691.15,NA,NA,1.74582869855395,0.6296188371896847,0.45,-0.00300333704115684,-0.00300333704115684,0.0904819165832589,0,0,NA,NA,M,2115,DNS,0.18812260536398465,0.05488505747126438,4.888888888888889,6.888888888888889,40,9.591666666666667,0.09405797416910865,0.1111791868882057,0.9259259259259259,9.444444444444445,3.2812500000000018,0.060910457167838356,0.5050366274164041,0.48743479338805656,9,9,3,3,3,3,3,3,0.475184956843403,0.5103873055642552,0.4254234953863105,0.36581196581196573,0.5623268698060943,0.3055555555555563,0,0,0,0.618006065812831,0.9507148531423681,0.20633369855394812,0.926348008352263,non,non,0,0,15.581833333333336,39.861714285714285,17.954,0.5,2,2,2,0.47033191926465623,0.4112314637245388
wilhelmina,F,NA,10_31_2017,3:28,0,0,NA,NA,NA,NA,DH,1280,R,18,628.55,-158,0.09999999999999998,-2.2459399332591725,0.8424363327458608,0.5166666666666667,0.003670745272525028,0.003670745272525028,0.03193918575366931,0,1,0,0,NA,NA,NA,NA,NA,NA,NA,NA,NA,NA,NA,NA,NA,NA,NA,NA,NA,NA,NA,NA,NA,NA,NA,NA,NA,NA,NA,NA,NA,NA,NA,NA,NA,NA,NA,NA,NA,NA,NA,NA,NA,NA,NA,NA,NA,NA,NA,NA,NA,NA,NA
winnifred,F,NA,10_10_2017,1:26,0,0,NA,NA,NA,NA,DH,1280,L,1,592.7333333333333,NA,NA,6.092102335928805,0.9618304150573668,0.55,-0.00634037819799778,-0.00634037819799778,0.006757228794922884,0,1,NA,NA,F,2351,SND,0.32871264367816094,0.2495632183908046,2.888888888888889,5.777777777777778,45.888888888888886,4.488777777777778,0.271507281237357,0.18036877299684934,0.9135802469135802,12.11111111111111,5.6138,0.15644288326715705,0.44508408445927095,0.6837208830247233,9,9,3,3,3,3,3,3,0.49907900465521277,0.45582227570700207,0.1534937919395669,1,0.7841530054644807,0.8325456323337679,0,3,2,0.9508740739010592,0.5574010478751241,0.010071513627982106,0.22779999398822906,low,non,1,1,43.442499999999995,17.868875,8.713000000000001,0.6,2,2,2,0.3694650241005939,0.8722328792660828
winona,F,NA,8_24_2017,1:02,0,0,NA,NA,NA,NA,DH,1280,L,1,621.1,NA,NA,-2.155283648498331,0.4889152118388685,0.5166666666666667,0.0027808676307007805,0.0027808676307007805,0.03193918575366931,0,1,NA,NA,F,3227,SDN,0.3596206896551724,0.35395785440613026,5.444444444444445,9.444444444444445,135.33333333333334,1.4746666666666666,0.23219107579754977,0.3848741037372198,0.8518518518518519,19,1.6968571428571428,0.07528158272563826,0.46399193901809427,0.5562477857926704,9,9,3,3,3,3,3,3,0.20494936695381824,0.8252181332746141,0.39776084375603954,0.24952015355086368,0.79155238617663215,0.6940418679549114,1,2,2,0.05572961676039821,0.7491975845590193,0.10007491563341936,0.6901769383742762,low,low,1,1,8.920857142857143,10.709111111111111,8.920857142857143,0.5714285714285714,1,2,2,0.47597611466149065,0.5783714692274691
